cbsa_code,cbsa_name,inflow2011_12,outflow2011_12,net_flow2011_12,inflow2012_13,outflow2012_13,net_flow2012_13,inflow2013_14,outflow2013_14,net_flow2013_14,inflow2014_15,outflow2014_15,net_flow2014_15,tot_inflow,tot_outflow,tot_net_flow
10420,"Akron, OH",88,97,-9,134,106,28,60,36,24,67,0,67,349,239,110
10500,"Albany, GA",24,0,24,0,0,0,0,0,0,0,0,0,24,0,24
10580,"Albany-Schenectady-Troy, NY",2402,3826,-1424,2472,3998,-1526,1882,3236,-1354,1543,2626,-1083,8299,13686,-5387
10740,"Albuquerque, NM",149,132,17,104,157,-53,107,79,28,67,0,67,427,368,59
10900,"Allentown-Bethlehem-Easton, PA-NJ",6393,8676,-2283,5629,8032,-2403,4065,7727,-3662,3288,6069,-2781,19375,30504,-11129
11220,"Amsterdam, NY",27,46,-19,0,30,-30,0,0,0,0,0,0,27,76,-49
11260,"Anchorage, AK",147,136,11,103,87,16,0,35,-35,0,0,0,250,258,-8
11460,"Ann Arbor, MI",383,316,67,331,369,-38,232,178,54,146,122,24,1092,985,107
11700,"Asheville, NC",44,137,-93,66,203,-137,50,94,-44,32,64,-32,192,498,-306
11900,"Athens, OH",0,0,0,13,0,13,0,0,0,0,0,0,13,0,13
12020,"Athens-Clarke County, GA",16,36,-20,56,33,23,0,0,0,0,0,0,72,69,3
12060,"Atlanta-Sandy Springs-Roswell, GA",6604,9968,-3364,6293,10141,-3848,4141,8685,-4544,2615,6628,-4013,19653,35422,-15769
12100,"Atlantic City-Hammonton, NJ",1395,1555,-160,1337,1540,-203,1256,1032,224,920,718,202,4908,4845,63
12180,"Auburn, NY",14,0,14,0,11,-11,0,0,0,0,0,0,14,11,3
12220,"Auburn-Opelika, AL",18,0,18,0,0,0,0,0,0,0,0,0,18,0,18
12260,"Augusta-Richmond County, GA-SC",81,144,-63,86,132,-46,0,0,0,0,0,0,167,276,-109
12300,"Augusta-Waterville, ME",20,0,20,0,0,0,0,0,0,0,0,0,20,0,20
12420,"Austin-Round Rock, TX",1006,3721,-2715,1784,7474,-5690,2530,7479,-4949,5231,6245,-1014,10551,24919,-14368
12540,"Bakersfield, CA",41,37,4,32,77,-45,0,0,0,0,0,0,73,114,-41
12580,"Baltimore-Columbia-Towson, MD",2869,4706,-1837,3195,4503,-1308,2087,5172,-3085,2996,2903,93,11147,17284,-6137
12620,"Bangor, ME",0,15,-15,26,0,26,0,0,0,0,0,0,26,15,11
12700,"Barnstable Town, MA",222,418,-196,213,519,-306,179,256,-77,147,215,-68,761,1408,-647
12740,"Barre, VT",16,36,-20,31,16,15,0,0,0,0,0,0,47,52,-5
12940,"Baton Rouge, LA",67,69,-2,69,93,-24,71,42,29,58,0,58,265,204,61
13140,"Beaumont-Port Arthur, TX",13,42,-29,0,29,-29,0,0,0,0,0,0,13,71,-58
13380,"Bellingham, WA",0,12,-12,0,23,-23,0,0,0,0,0,0,0,35,-35
13500,"Bennettsville, SC",0,23,-23,0,0,0,0,0,0,0,0,0,0,23,-23
13540,"Bennington, VT",17,22,-5,23,53,-30,0,0,0,0,0,0,40,75,-35
13780,"Binghamton, NY",497,623,-126,504,843,-339,364,766,-402,323,459,-136,1688,2691,-1003
13820,"Birmingham-Hoover, AL",181,195,-14,169,203,-34,85,117,-32,42,39,3,477,554,-77
14010,"Bloomington, IL",17,57,-40,0,117,-117,53,0,53,0,0,0,70,174,-104
14020,"Bloomington, IN",50,65,-15,74,40,34,32,0,32,0,0,0,156,105,51
14260,"Boise City, ID",19,40,-21,51,17,34,0,0,0,0,0,0,70,57,13
14460,"Boston-Cambridge-Newton, MA-NH",8305,9594,-1289,8495,9590,-1095,6940,7978,-1038,5001,6138,-1137,28741,33300,-4559
14500,"Boulder, CO",182,383,-201,202,405,-203,111,357,-246,80,245,-165,575,1390,-815
14540,"Bowling Green, KY",0,0,0,0,28,-28,0,0,0,0,0,0,0,28,-28
14580,"Bozeman, MT",16,0,16,18,13,5,0,0,0,0,0,0,34,13,21
14740,"Bremerton-Silverdale, WA",33,18,15,25,35,-10,0,0,0,0,0,0,58,53,5
14860,"Bridgeport-Stamford-Norwalk, CT",7122,11486,-4364,7644,12518,-4874,7366,12205,-4839,5901,9683,-3782,28033,45892,-17859
15260,"Brunswick, GA",0,19,-19,0,0,0,0,0,0,0,0,0,0,19,-19
15380,"Buffalo-Cheektowaga-Niagara Falls, NY",1177,1527,-350,1210,1562,-352,1000,1277,-277,723,1047,-324,4110,5413,-1303
15500,"Burlington, NC",0,0,0,0,58,-58,0,0,0,0,0,0,0,58,-58
15540,"Burlington-South Burlington, VT",190,231,-41,192,261,-69,89,132,-43,72,69,3,543,693,-150
15940,"Canton-Massillon, OH",21,0,21,38,17,21,0,0,0,0,0,0,59,17,42
15980,"Cape Coral-Fort Myers, FL",1202,2135,-933,958,2377,-1419,583,2351,-1768,376,1847,-1471,3119,8710,-5591
16580,"Champaign-Urbana, IL",83,94,-11,47,28,19,76,0,76,0,0,0,206,122,84
16620,"Charleston, WV",14,0,14,22,49,-27,0,0,0,0,0,0,36,49,-13
16700,"Charleston-North Charleston, SC",404,1058,-654,372,1079,-707,189,815,-626,145,397,-252,1110,3349,-2239
16740,"Charlotte-Concord-Gastonia, NC-SC",2254,4805,-2551,2059,5896,-3837,1535,4777,-3242,1297,3399,-2102,7145,18877,-11732
16820,"Charlottesville, VA",179,167,12,177,176,1,124,76,48,24,31,-7,504,450,54
16860,"Chattanooga, TN-GA",59,44,15,46,89,-43,0,0,0,0,0,0,105,133,-28
16940,"Cheyenne, WY",0,0,0,15,0,15,0,0,0,0,0,0,15,0,15
16980,"Chicago-Naperville-Elgin, IL-IN-WI",5567,6325,-758,5622,6278,-656,4403,5070,-667,3283,3761,-478,18875,21434,-2559
17140,"Cincinnati, OH-KY-IN",518,509,9,531,607,-76,243,360,-117,171,157,14,1463,1633,-170
17200,"Claremont-Lebanon, NH-VT",117,98,19,125,161,-36,68,44,24,42,0,42,352,303,49
17300,"Clarksville, TN-KY",47,181,-134,140,179,-39,0,49,-49,0,0,0,187,409,-222
17460,"Cleveland-Elyria, OH",859,1092,-233,834,1003,-169,434,667,-233,385,522,-137,2512,3284,-772
17780,"College Station-Bryan, TX",20,16,4,19,0,19,0,0,0,0,0,0,39,16,23
17820,"Colorado Springs, CO",181,425,-244,279,408,-129,116,252,-136,67,227,-160,643,1312,-669
17860,"Columbia, MO",33,18,15,37,15,22,0,0,0,0,0,0,70,33,37
17900,"Columbia, SC",350,515,-165,300,587,-287,141,130,11,82,113,-31,873,1345,-472
17980,"Columbus, GA-AL",97,107,-10,85,263,-178,0,52,-52,0,26,-26,182,448,-266
18140,"Columbus, OH",1034,1299,-265,1035,1440,-405,843,1085,-242,577,969,-392,3489,4793,-1304
18180,"Concord, NH",39,58,-19,66,45,21,0,0,0,0,0,0,105,103,2
18500,"Corning, NY",13,19,-6,0,0,0,0,0,0,0,0,0,13,19,-6
18580,"Corpus Christi, TX",13,11,2,0,12,-12,0,0,0,0,0,0,13,23,-10
18880,"Crestview-Fort Walton Beach-Destin, FL",47,74,-27,25,62,-37,0,0,0,0,0,0,72,136,-64
19100,"Dallas-Fort Worth-Arlington, TX",3000,5433,-2433,3229,5798,-2569,1878,5166,-3288,1557,3688,-2131,9664,20085,-10421
19340,"Davenport-Moline-Rock Island, IA-IL",0,22,-22,0,0,0,0,0,0,0,0,0,0,22,-22
19380,"Dayton, OH",98,78,20,59,103,-44,0,0,0,0,0,0,157,181,-24
19660,"Deltona-Daytona Beach-Ormond Beach, FL",865,1748,-883,843,2004,-1161,473,1410,-937,251,1015,-764,2432,6177,-3745
19740,"Denver-Aurora-Lakewood, CO",779,1424,-645,767,1434,-667,462,1290,-828,328,950,-622,2336,5098,-2762
19780,"Des Moines-West Des Moines, IA",70,73,-3,41,66,-25,0,0,0,0,0,0,111,139,-28
19820,"Detroit-Warren-Dearborn, MI",1469,2157,-688,1536,1692,-156,778,1028,-250,717,853,-136,4500,5730,-1230
20100,"Dover, DE",172,434,-262,135,557,-422,40,128,-88,33,220,-187,380,1339,-959
20380,"Dunn, NC",0,29,-29,0,31,-31,0,0,0,0,0,0,0,60,-60
20500,"Durham-Chapel Hill, NC",658,1232,-574,590,1060,-470,348,700,-352,341,639,-298,1937,3631,-1694
20700,"East Stroudsburg, PA",2437,3086,-649,2377,3362,-985,2177,3485,-1308,1577,2707,-1130,8568,12640,-4072
20780,"Edwards, CO",31,20,11,10,15,-5,0,0,0,0,0,0,41,35,6
21340,"El Paso, TX",206,318,-112,245,265,-20,84,208,-124,58,98,-40,593,889,-296
21300,"Elmira, NY",24,52,-28,15,80,-65,0,0,0,0,0,0,39,132,-93
21460,"Enterprise, AL",0,15,-15,0,28,-28,0,0,0,0,0,0,0,43,-43
21500,"Erie, PA",33,76,-43,20,53,-33,34,0,34,0,0,0,87,129,-42
21660,"Eugene, OR",43,38,5,42,61,-19,0,0,0,22,0,22,107,99,8
21820,"Fairbanks, AK",20,18,2,0,18,-18,0,0,0,0,0,0,20,36,-16
22020,"Fargo, ND-MN",0,19,-19,0,0,0,0,0,0,0,0,0,0,19,-19
22180,"Fayetteville, NC",407,814,-407,446,868,-422,255,555,-300,232,336,-104,1340,2573,-1233
22220,"Fayetteville-Springdale-Rogers, AR-MO",45,154,-109,75,38,37,0,0,0,0,0,0,120,192,-72
22420,"Flint, MI",0,0,0,15,50,-35,0,0,0,0,0,0,15,50,-35
22500,"Florence, SC",25,60,-35,20,87,-67,0,0,0,0,0,0,45,147,-102
22660,"Fort Collins, CO",42,36,6,47,29,18,0,0,0,0,0,0,89,65,24
22780,"Fort Leonard Wood, MO",0,25,-25,0,17,-17,0,0,0,0,0,0,0,42,-42
22860,"Fort Polk South, LA",0,0,0,0,19,-19,0,0,0,0,0,0,0,19,-19
23060,"Fort Wayne, IN",35,0,35,0,59,-59,0,0,0,0,0,0,35,59,-24
23420,"Fresno, CA",37,208,-171,70,106,-36,0,43,-43,28,51,-23,135,408,-273
23540,"Gainesville, FL",163,160,3,221,174,47,85,83,2,76,40,36,545,457,88
23580,"Gainesville, GA",0,24,-24,0,23,-23,0,0,0,0,0,0,0,47,-47
23860,"Georgetown, SC",0,44,-44,0,52,-52,0,0,0,0,0,0,0,96,-96
23900,"Gettysburg, PA",0,24,-24,0,0,0,0,0,0,0,0,0,0,24,-24
24020,"Glens Falls, NY",70,178,-108,64,198,-134,0,0,0,0,0,0,134,376,-242
24060,"Glenwood Springs, CO",21,21,0,16,19,-3,0,0,0,0,0,0,37,40,-3
24100,"Gloversville, NY",0,19,-19,0,31,-31,0,0,0,0,0,0,0,50,-50
24140,"Goldsboro, NC",0,17,-17,0,32,-32,0,0,0,0,0,0,0,49,-49
24260,"Grand Island, NE",0,0,0,13,0,13,0,0,0,0,0,0,13,0,13
24340,"Grand Rapids-Wyoming, MI",88,177,-89,64,158,-94,86,87,-1,30,0,30,268,422,-154
24640,"Greenfield Town, MA",53,35,18,28,24,4,0,0,0,0,0,0,81,59,22
24660,"Greensboro-High Point, NC",426,904,-478,393,964,-571,353,614,-261,163,441,-278,1335,2923,-1588
24780,"Greenville, NC",27,136,-109,45,127,-82,0,0,0,0,0,0,72,263,-191
24860,"Greenville-Anderson-Mauldin, SC",269,491,-222,91,638,-547,37,471,-434,53,163,-110,450,1763,-1313
25060,"Gulfport-Biloxi-Pascagoula, MS",17,0,17,16,0,16,0,0,0,0,0,0,33,0,33
25180,"Hagerstown-Martinsburg, MD-WV",50,21,29,0,64,-64,0,0,0,0,0,0,50,85,-35
25420,"Harrisburg-Carlisle, PA",488,728,-240,420,685,-265,199,443,-244,107,322,-215,1214,2178,-964
25540,"Hartford-West Hartford-East Hartford, CT",2330,2696,-366,2231,2720,-489,1860,2290,-430,1319,1656,-337,7740,9362,-1622
25900,"Hilo, HI",17,23,-6,0,11,-11,0,0,0,0,0,0,17,34,-17
25940,"Hilton Head Island-Bluffton-Beaufort, SC",117,474,-357,130,593,-463,73,313,-240,26,153,-127,346,1533,-1187
25980,"Hinesville, GA",0,81,-81,48,89,-41,0,0,0,0,0,0,48,170,-122
26140,"Homosassa Springs, FL",28,142,-114,89,87,2,0,53,-53,0,39,-39,117,321,-204
26420,"Houston-The Woodlands-Sugar Land, TX",2594,4824,-2230,2584,6211,-3627,1949,5558,-3609,1623,4430,-2807,8750,21023,-12273
26460,"Hudson, NY",466,912,-446,441,726,-285,500,664,-164,280,540,-260,1687,2842,-1155
26580,"Huntington-Ashland, WV-KY-OH",0,0,0,0,10,-10,0,0,0,0,0,0,0,10,-10
26620,"Huntsville, AL",44,43,1,63,51,12,0,0,0,0,0,0,107,94,13
26900,"Indianapolis-Carmel-Anderson, IN",296,748,-452,477,634,-157,184,249,-65,116,274,-158,1073,1905,-832
26980,"Iowa City, IA",36,77,-41,82,101,-19,26,0,26,0,0,0,144,178,-34
27060,"Ithaca, NY",420,317,103,396,331,65,293,222,71,218,159,59,1327,1029,298
27140,"Jackson, MS",14,0,14,44,29,15,0,0,0,0,0,0,58,29,29
27260,"Jacksonville, FL",1037,1827,-790,934,2214,-1280,577,1813,-1236,388,1120,-732,2936,6974,-4038
27340,"Jacksonville, NC",521,472,49,468,456,12,198,199,-1,74,256,-182,1261,1383,-122
27460,"Jamestown-Dunkirk-Fredonia, NY",15,16,-1,0,13,-13,0,0,0,0,0,0,15,29,-14
27920,"Junction City, KS",0,27,-27,17,0,17,0,0,0,0,0,0,17,27,-10
27980,"Kahului-Wailuku-Lahaina, HI",15,14,1,20,48,-28,0,0,0,0,0,0,35,62,-27
28020,"Kalamazoo-Portage, MI",23,0,23,14,15,-1,0,0,0,0,0,0,37,15,22
28140,"Kansas City, MO-KS",313,492,-179,327,538,-211,188,229,-41,131,112,19,959,1371,-412
28300,"Keene, NH",15,18,-3,12,0,12,0,0,0,0,0,0,27,18,9
28580,"Key West, FL",54,117,-63,96,81,15,0,0,0,0,87,-87,150,285,-135
28660,"Killeen-Temple, TX",224,340,-116,208,437,-229,42,214,-172,0,169,-169,474,1160,-686
28740,"Kingston, NY",3129,3439,-310,2848,3401,-553,2568,3243,-675,1920,2658,-738,10465,12741,-2276
28940,"Knoxville, TN",72,76,-4,89,156,-67,67,0,67,0,0,0,228,232,-4
29180,"Lafayette, LA",18,42,-24,19,37,-18,0,29,-29,0,37,-37,37,145,-108
29200,"Lafayette-West Lafayette, IN",42,12,30,16,0,16,0,0,0,0,0,0,58,12,46
29460,"Lakeland-Winter Haven, FL",897,1324,-427,636,1293,-657,265,1354,-1089,229,910,-681,2027,4881,-2854
29540,"Lancaster, PA",513,948,-435,432,873,-441,185,612,-427,187,351,-164,1317,2784,-1467
29620,"Lansing-East Lansing, MI",46,46,0,71,58,13,30,0,30,0,0,0,147,104,43
29700,"Laredo, TX",0,0,0,0,12,-12,0,0,0,0,0,0,0,12,-12
29820,"Las Vegas-Henderson-Paradise, NV",1412,2113,-701,1565,2213,-648,1048,2061,-1013,635,1758,-1123,4660,8145,-3485
29940,"Lawrence, KS",15,13,2,30,0,30,0,0,0,0,0,0,45,13,32
30020,"Lawton, OK",0,19,-19,0,28,-28,0,0,0,0,0,0,0,47,-47
30140,"Lebanon, PA",86,236,-150,60,237,-177,0,115,-115,0,55,-55,146,643,-497
30460,"Lexington-Fayette, KY",67,81,-14,110,123,-13,58,31,27,28,0,28,263,235,28
30620,"Lima, OH",10,0,10,0,0,0,0,0,0,0,0,0,10,0,10
30700,"Lincoln, NE",23,0,23,29,39,-10,0,0,0,0,0,0,52,39,13
30780,"Little Rock-North Little Rock-Conway, AR",71,77,-6,80,46,34,32,0,32,0,0,0,183,123,60
30860,"Logan, UT-ID",18,0,18,0,0,0,0,0,0,0,0,0,18,0,18
31080,"Los Angeles-Long Beach-Anaheim, CA",8482,10993,-2511,8595,13258,-4663,7946,11918,-3972,6196,9626,-3430,31219,45795,-14576
31140,"Louisville/Jefferson County, KY-IN",212,221,-9,226,264,-38,105,148,-43,69,130,-61,612,763,-151
31180,"Lubbock, TX",11,46,-35,0,25,-25,0,0,0,0,0,0,11,71,-60
31340,"Lynchburg, VA",0,0,0,18,0,18,0,0,0,0,0,0,18,0,18
31420,"Macon-Bibb County, GA",25,16,9,21,18,3,0,0,0,0,0,0,46,34,12
31540,"Madison, WI",326,229,97,263,237,26,120,148,-28,105,71,34,814,685,129
31700,"Manchester-Nashua, NH",230,518,-288,313,540,-227,190,240,-50,166,197,-31,899,1495,-596
31740,"Manhattan, KS",0,0,0,0,17,-17,0,0,0,0,0,0,0,17,-17
32580,"McAllen-Edinburg-Mission, TX",50,94,-44,34,44,-10,0,0,0,0,0,0,84,138,-54
32780,"Medford, OR",0,0,0,0,35,-35,0,0,0,0,0,0,0,35,-35
32820,"Memphis, TN-MS-AR",312,396,-84,379,423,-44,164,177,-13,130,75,55,985,1071,-86
33100,"Miami-Fort Lauderdale-West Palm Beach, FL",17744,23905,-6161,17515,23388,-5873,12797,22304,-9507,9757,18596,-8839,57813,88193,-30380
33340,"Milwaukee-Waukesha-West Allis, WI",346,361,-15,307,410,-103,212,177,35,90,129,-39,955,1077,-122
33460,"Minneapolis-St. Paul-Bloomington, MN-WI",1047,1112,-65,1012,997,15,708,802,-94,492,522,-30,3259,3433,-174
33540,"Missoula, MT",0,0,0,15,0,15,0,0,0,0,0,0,15,0,15
33660,"Mobile, AL",38,44,-6,61,75,-14,0,0,0,0,0,0,99,119,-20
33700,"Modesto, CA",13,20,-7,23,18,5,0,0,0,0,0,0,36,38,-2
33860,"Montgomery, AL",44,44,0,21,45,-24,0,0,0,0,0,0,65,89,-24
34060,"Morgantown, WV",0,0,0,13,0,13,0,0,0,0,0,0,13,0,13
34820,"Myrtle Beach-Conway-North Myrtle Beach, SC-NC",380,1731,-1351,408,2142,-1734,195,1646,-1451,68,1049,-981,1051,6568,-5517
34900,"Napa, CA",22,29,-7,26,47,-21,0,0,0,0,0,0,48,76,-28
34940,"Naples-Immokalee-Marco Island, FL",925,1363,-438,576,1479,-903,202,1314,-1112,134,1120,-986,1837,5276,-3439
34980,"Nashville-Davidson--Murfreesboro--Franklin, TN",409,726,-317,612,841,-229,246,581,-335,216,631,-415,1483,2779,-1296
35100,"New Bern, NC",37,76,-39,68,86,-18,0,0,0,0,0,0,105,162,-57
35300,"New Haven-Milford, CT",2874,3593,-719,2714,3503,-789,2265,3351,-1086,1878,2711,-833,9731,13158,-3427
35380,"New Orleans-Metairie, LA",415,599,-184,441,636,-195,262,518,-256,206,367,-161,1324,2120,-796
35840,"North Port-Sarasota-Bradenton, FL",803,2142,-1339,870,2123,-1253,408,1951,-1543,217,1342,-1125,2298,7558,-5260
35980,"Norwich-New London, CT",633,654,-21,633,564,69,431,470,-39,319,412,-93,2016,2100,-84
36100,"Ocala, FL",388,785,-397,318,787,-469,174,487,-313,0,377,-377,880,2436,-1556
36140,"Ocean City, NJ",233,409,-176,228,301,-73,52,80,-28,56,32,24,569,822,-253
36260,"Ogden-Clearfield, UT",0,0,0,27,26,1,0,0,0,0,0,0,27,26,1
36420,"Oklahoma City, OK",129,249,-120,145,121,24,58,130,-72,36,42,-6,368,542,-174
36500,"Olympia-Tumwater, WA",37,34,3,15,0,15,0,0,0,0,0,0,52,34,18
36540,"Omaha-Council Bluffs, NE-IA",96,151,-55,105,134,-29,32,73,-41,56,38,18,289,396,-107
36580,"Oneonta, NY",137,230,-93,134,181,-47,0,40,-40,0,41,-41,271,492,-221
36700,"Orangeburg, SC",25,83,-58,0,71,-71,0,0,0,0,32,-32,25,186,-161
36740,"Orlando-Kissimmee-Sanford, FL",5675,9434,-3759,4959,9991,-5032,3654,8911,-5257,2788,7044,-4256,17076,35380,-18304
37100,"Oxnard-Thousand Oaks-Ventura, CA",169,252,-83,243,360,-117,106,191,-85,100,93,7,618,896,-278
37120,"Ozark, AL",0,0,0,0,35,-35,0,32,-32,0,0,0,0,67,-67
37340,"Palm Bay-Melbourne-Titusville, FL",638,1238,-600,643,1394,-751,375,1580,-1205,297,1131,-834,1953,5343,-3390
37460,"Panama City, FL",21,39,-18,18,35,-17,0,0,0,0,0,0,39,74,-35
37860,"Pensacola-Ferry Pass-Brent, FL",30,66,-36,49,103,-54,0,0,0,0,0,0,79,169,-90
37900,"Peoria, IL",0,0,0,0,12,-12,0,0,0,0,0,0,0,12,-12
37980,"Philadelphia-Camden-Wilmington, PA-NJ-DE-MD",16305,20762,-4457,15568,20100,-4532,12824,17532,-4708,9907,13874,-3967,54604,72268,-17664
38060,"Phoenix-Mesa-Scottsdale, AZ",2039,3187,-1148,2020,3202,-1182,1756,3198,-1442,1189,2318,-1129,7004,11905,-4901
38240,"Pinehurst-Southern Pines, NC",0,21,-21,0,36,-36,0,0,0,0,0,0,0,57,-57
38300,"Pittsburgh, PA",1153,1401,-248,1212,1531,-319,984,1189,-205,722,772,-50,4071,4893,-822
38340,"Pittsfield, MA",115,272,-157,121,279,-158,98,194,-96,59,82,-23,393,827,-434
38460,"Plattsburgh, NY",49,26,23,0,46,-46,0,0,0,0,0,0,49,72,-23
38940,"Port St. Lucie, FL",682,1844,-1162,844,1772,-928,359,1406,-1047,180,1103,-923,2065,6125,-4060
38860,"Portland-South Portland, ME",186,472,-286,299,430,-131,155,335,-180,112,265,-153,752,1502,-750
38900,"Portland-Vancouver-Hillsboro, OR-WA",658,810,-152,523,1043,-520,350,750,-400,272,541,-269,1803,3144,-1341
39060,"Pottsville, PA",16,107,-91,20,58,-38,0,0,0,0,0,0,36,165,-129
39140,"Prescott, AZ",0,75,-75,0,39,-39,0,0,0,0,0,0,0,114,-114
39300,"Providence-Warwick, RI-MA",1758,2091,-333,1519,2115,-596,1144,1477,-333,792,1123,-331,5213,6806,-1593
39340,"Provo-Orem, UT",136,37,99,48,51,-3,53,53,0,63,0,63,300,141,159
39460,"Punta Gorda, FL",112,417,-305,111,455,-344,0,164,-164,0,115,-115,223,1151,-928
39580,"Raleigh, NC",1557,3476,-1919,1467,3591,-2124,1222,3793,-2571,893,2393,-1500,5139,13253,-8114
39660,"Rapid City, SD",0,45,-45,0,0,0,0,0,0,0,0,0,0,45,-45
39740,"Reading, PA",810,1359,-549,763,1370,-607,561,966,-405,398,811,-413,2532,4506,-1974
39900,"Reno, NV",65,83,-18,87,39,48,0,34,-34,0,0,0,152,156,-4
40060,"Richmond, VA",840,1560,-720,887,1628,-741,532,1110,-578,465,690,-225,2724,4988,-2264
40140,"Riverside-San Bernardino-Ontario, CA",830,977,-147,837,1140,-303,447,541,-94,344,361,-17,2458,3019,-561
40220,"Roanoke, VA",0,20,-20,0,0,0,0,0,0,0,0,0,0,20,-20
40340,"Rochester, MN",0,56,-56,67,50,17,0,0,0,0,0,0,67,106,-39
40380,"Rochester, NY",1240,1292,-52,1018,1478,-460,885,923,-38,571,688,-117,3714,4381,-667
40420,"Rockford, IL",0,0,0,0,69,-69,0,0,0,0,0,0,0,69,-69
40860,"Rutland, VT",0,11,-11,0,0,0,0,0,0,0,0,0,0,11,-11
40900,"Sacramento--Roseville--Arden-Arcade, CA",287,315,-28,292,500,-208,187,290,-103,173,163,10,939,1268,-329
41500,"Salinas, CA",41,48,-7,41,72,-31,0,30,-30,21,0,21,103,150,-47
41540,"Salisbury, MD-DE",131,605,-474,51,663,-612,0,468,-468,0,140,-140,182,1876,-1694
41620,"Salt Lake City, UT",413,467,-54,345,472,-127,235,209,26,134,110,24,1127,1258,-131
41700,"San Antonio-New Braunfels, TX",543,911,-368,622,989,-367,326,749,-423,222,400,-178,1713,3049,-1336
41740,"San Diego-Carlsbad, CA",2317,2777,-460,2181,2896,-715,1913,2982,-1069,1496,2296,-800,7907,10951,-3044
41860,"San Francisco-Oakland-Hayward, CA",4226,6728,-2502,4397,6698,-2301,3680,6889,-3209,2979,4992,-2013,15282,25307,-10025
41940,"San Jose-Sunnyvale-Santa Clara, CA",1274,2170,-896,1345,2254,-909,1097,2270,-1173,1189,1528,-339,4905,8222,-3317
42020,"San Luis Obispo-Paso Robles-Arroyo Grande, CA",39,36,3,27,13,14,0,0,0,0,0,0,66,49,17
42100,"Santa Cruz-Watsonville, CA",44,53,-9,57,60,-3,25,69,-44,0,30,-30,126,212,-86
42140,"Santa Fe, NM",65,75,-10,66,81,-15,26,70,-44,23,36,-13,180,262,-82
42200,"Santa Maria-Santa Barbara, CA",112,148,-36,105,132,-27,51,97,-46,70,105,-35,338,482,-144
42220,"Santa Rosa, CA",45,109,-64,64,108,-44,44,90,-46,29,34,-5,182,341,-159
42340,"Savannah, GA",212,367,-155,276,370,-94,80,169,-89,43,127,-84,611,1033,-422
42540,"Scranton--Wilkes-Barre--Hazleton, PA",1515,3043,-1528,1543,2569,-1026,963,2157,-1194,736,1707,-971,4757,9476,-4719
42660,"Seattle-Tacoma-Bellevue, WA",1969,2565,-596,1880,3043,-1163,1603,2578,-975,1073,1791,-718,6525,9977,-3452
42680,"Sebastian-Vero Beach, FL",124,380,-256,128,520,-392,45,304,-259,30,212,-182,327,1416,-1089
42700,"Sebring, FL",15,27,-12,0,0,0,0,0,0,0,0,0,15,27,-12
43780,"South Bend-Mishawaka, IN-MI",35,28,7,23,19,4,0,0,0,0,0,0,58,47,11
43900,"Spartanburg, SC",33,0,33,24,162,-138,0,0,0,0,0,0,57,162,-105
44060,"Spokane-Spokane Valley, WA",10,12,-2,29,0,29,0,0,0,0,0,0,39,12,27
44140,"Springfield, MA",709,950,-241,488,783,-295,380,574,-194,277,403,-126,1854,2710,-856
41100,"St. George, UT",0,0,0,17,0,17,0,0,0,0,0,0,17,0,17
41180,"St. Louis, MO-IL",534,512,22,471,634,-163,265,311,-46,224,166,58,1494,1623,-129
44300,"State College, PA",139,61,78,101,50,51,29,0,29,23,23,0,292,134,158
44700,"Stockton-Lodi, CA",28,19,9,24,56,-32,0,0,0,0,0,0,52,75,-23
44920,"Summit Park, UT",0,22,-22,0,34,-34,0,0,0,0,0,0,0,56,-56
44940,"Sumter, SC",17,19,-2,22,43,-21,0,0,0,0,0,0,39,62,-23
45060,"Syracuse, NY",963,917,46,889,983,-94,611,812,-201,514,590,-76,2977,3302,-325
45220,"Tallahassee, FL",176,181,-5,275,68,207,62,35,27,65,0,65,578,284,294
45300,"Tampa-St. Petersburg-Clearwater, FL",5647,7462,-1815,4437,7759,-3322,2859,7182,-4323,1984,5675,-3691,14927,28078,-13151
45540,"The Villages, FL",31,385,-354,34,481,-447,0,239,-239,0,154,-154,65,1259,-1194
45700,"Tifton, GA",33,0,33,0,0,0,0,0,0,0,0,0,33,0,33
45780,"Toledo, OH",65,62,3,42,70,-28,27,0,27,0,0,0,134,132,2
45860,"Torrington, CT",412,624,-212,422,714,-292,297,592,-295,312,424,-112,1443,2354,-911
45940,"Trenton, NJ",5697,6914,-1217,5640,6774,-1134,5313,6170,-857,3962,4805,-843,20612,24663,-4051
46060,"Tucson, AZ",290,526,-236,287,464,-177,177,279,-102,78,147,-69,832,1416,-584
46140,"Tulsa, OK",83,75,8,68,109,-41,35,30,5,31,40,-9,217,254,-37
46220,"Tuscaloosa, AL",16,0,16,12,0,12,0,0,0,0,0,0,28,0,28
46520,"Urban Honolulu, HI",691,807,-116,672,836,-164,362,722,-360,346,438,-92,2071,2803,-732
46540,"Utica-Rome, NY",211,375,-164,238,411,-173,149,288,-139,114,276,-162,712,1350,-638
46700,"Vallejo-Fairfield, CA",20,48,-28,69,64,5,0,0,0,0,0,0,89,112,-23
47220,"Vineland-Bridgeton, NJ",237,323,-86,141,219,-78,35,40,-5,0,0,0,413,582,-169
47240,"Vineyard Haven, MA",0,0,0,0,19,-19,0,0,0,0,0,0,0,19,-19
47260,"Virginia Beach-Norfolk-Newport News, VA-NC",1426,2142,-716,1426,2247,-821,580,1532,-952,530,859,-329,3962,6780,-2818
47300,"Visalia-Porterville, CA",14,0,14,0,0,0,0,0,0,0,0,0,14,0,14
47380,"Waco, TX",0,0,0,0,15,-15,0,0,0,0,0,0,0,15,-15
47580,"Warner Robins, GA",0,0,0,0,25,-25,0,0,0,0,0,0,0,25,-25
47900,"Washington-Arlington-Alexandria, DC-VA-MD-WV",9053,11322,-2269,9350,11662,-2312,7689,12237,-4548,7660,8391,-731,33752,43612,-9860
48060,"Watertown-Fort Drum, NY",240,290,-50,214,266,-52,0,90,-90,51,47,4,505,693,-188
48620,"Wichita, KS",41,14,27,75,64,11,0,0,0,0,0,0,116,78,38
48700,"Williamsport, PA",51,24,27,0,49,-49,0,0,0,0,0,0,51,73,-22
48900,"Wilmington, NC",85,382,-297,160,512,-352,66,250,-184,0,86,-86,311,1230,-919
48980,"Wilson, NC",0,25,-25,0,27,-27,0,0,0,0,0,0,0,52,-52
49180,"Winston-Salem, NC",138,391,-253,193,365,-172,95,165,-70,84,130,-46,510,1051,-541
49340,"Worcester, MA-CT",730,1033,-303,748,1104,-356,527,641,-114,378,675,-297,2383,3453,-1070
49620,"York-Hanover, PA",220,591,-371,172,503,-331,108,251,-143,34,135,-101,534,1480,-946
49660,"Youngstown-Warren-Boardman, OH-PA",16,87,-71,14,86,-72,0,0,0,0,0,0,30,173,-143
