cbsa_code,cbsa_name,inflow2011_12,outflow2011_12,net_flow2011_12,inflow2012_13,outflow2012_13,net_flow2012_13,inflow2013_14,outflow2013_14,net_flow2013_14,inflow2014_15,outflow2014_15,net_flow2014_15,tot_inflow,tot_outflow,tot_net_flow
33100,"Miami-Fort Lauderdale-West Palm Beach, FL",17744.0,23905.0,-6161.0,17515.0,23388.0,-5873.0,12797.0,22304.0,-9507.0,9757.0,18596.0,-8839.0,57813.0,88193.0,-30380.0
36740,"Orlando-Kissimmee-Sanford, FL",5675.0,9434.0,-3759.0,4959.0,9991.0,-5032.0,3654.0,8911.0,-5257.0,2788.0,7044.0,-4256.0,17076.0,35380.0,-18304.0
14860,"Bridgeport-Stamford-Norwalk, CT",7122.0,11486.0,-4364.0,7644.0,12518.0,-4874.0,7366.0,12205.0,-4839.0,5901.0,9683.0,-3782.0,28033.0,45892.0,-17859.0
37980,"Philadelphia-Camden-Wilmington, PA-NJ-DE-MD",16305.0,20762.0,-4457.0,15568.0,20100.0,-4532.0,12824.0,17532.0,-4708.0,9907.0,13874.0,-3967.0,54604.0,72268.0,-17664.0
12060,"Atlanta-Sandy Springs-Roswell, GA",6604.0,9968.0,-3364.0,6293.0,10141.0,-3848.0,4141.0,8685.0,-4544.0,2615.0,6628.0,-4013.0,19653.0,35422.0,-15769.0
31080,"Los Angeles-Long Beach-Anaheim, CA",8482.0,10993.0,-2511.0,8595.0,13258.0,-4663.0,7946.0,11918.0,-3972.0,6196.0,9626.0,-3430.0,31219.0,45795.0,-14576.0
12420,"Austin-Round Rock, TX",1006.0,3721.0,-2715.0,1784.0,7474.0,-5690.0,2530.0,7479.0,-4949.0,5231.0,6245.0,-1014.0,10551.0,24919.0,-14368.0
45300,"Tampa-St. Petersburg-Clearwater, FL",5647.0,7462.0,-1815.0,4437.0,7759.0,-3322.0,2859.0,7182.0,-4323.0,1984.0,5675.0,-3691.0,14927.0,28078.0,-13151.0
26420,"Houston-The Woodlands-Sugar Land, TX",2594.0,4824.0,-2230.0,2584.0,6211.0,-3627.0,1949.0,5558.0,-3609.0,1623.0,4430.0,-2807.0,8750.0,21023.0,-12273.0
16740,"Charlotte-Concord-Gastonia, NC-SC",2254.0,4805.0,-2551.0,2059.0,5896.0,-3837.0,1535.0,4777.0,-3242.0,1297.0,3399.0,-2102.0,7145.0,18877.0,-11732.0
10900,"Allentown-Bethlehem-Easton, PA-NJ",6393.0,8676.0,-2283.0,5629.0,8032.0,-2403.0,4065.0,7727.0,-3662.0,3288.0,6069.0,-2781.0,19375.0,30504.0,-11129.0
19100,"Dallas-Fort Worth-Arlington, TX",3000.0,5433.0,-2433.0,3229.0,5798.0,-2569.0,1878.0,5166.0,-3288.0,1557.0,3688.0,-2131.0,9664.0,20085.0,-10421.0
41860,"San Francisco-Oakland-Hayward, CA",4226.0,6728.0,-2502.0,4397.0,6698.0,-2301.0,3680.0,6889.0,-3209.0,2979.0,4992.0,-2013.0,15282.0,25307.0,-10025.0
47900,"Washington-Arlington-Alexandria, DC-VA-MD-WV",9053.0,11322.0,-2269.0,9350.0,11662.0,-2312.0,7689.0,12237.0,-4548.0,7660.0,8391.0,-731.0,33752.0,43612.0,-9860.0
39580,"Raleigh, NC",1557.0,3476.0,-1919.0,1467.0,3591.0,-2124.0,1222.0,3793.0,-2571.0,893.0,2393.0,-1500.0,5139.0,13253.0,-8114.0
12580,"Baltimore-Columbia-Towson, MD",2869.0,4706.0,-1837.0,3195.0,4503.0,-1308.0,2087.0,5172.0,-3085.0,2996.0,2903.0,93.0,11147.0,17284.0,-6137.0
15980,"Cape Coral-Fort Myers, FL",1202.0,2135.0,-933.0,958.0,2377.0,-1419.0,583.0,2351.0,-1768.0,376.0,1847.0,-1471.0,3119.0,8710.0,-5591.0
34820,"Myrtle Beach-Conway-North Myrtle Beach, SC-NC",380.0,1731.0,-1351.0,408.0,2142.0,-1734.0,195.0,1646.0,-1451.0,68.0,1049.0,-981.0,1051.0,6568.0,-5517.0
10580,"Albany-Schenectady-Troy, NY",2402.0,3826.0,-1424.0,2472.0,3998.0,-1526.0,1882.0,3236.0,-1354.0,1543.0,2626.0,-1083.0,8299.0,13686.0,-5387.0
35840,"North Port-Sarasota-Bradenton, FL",803.0,2142.0,-1339.0,870.0,2123.0,-1253.0,408.0,1951.0,-1543.0,217.0,1342.0,-1125.0,2298.0,7558.0,-5260.0
38060,"Phoenix-Mesa-Scottsdale, AZ",2039.0,3187.0,-1148.0,2020.0,3202.0,-1182.0,1756.0,3198.0,-1442.0,1189.0,2318.0,-1129.0,7004.0,11905.0,-4901.0
42540,"Scranton--Wilkes-Barre--Hazleton, PA",1515.0,3043.0,-1528.0,1543.0,2569.0,-1026.0,963.0,2157.0,-1194.0,736.0,1707.0,-971.0,4757.0,9476.0,-4719.0
14460,"Boston-Cambridge-Newton, MA-NH",8305.0,9594.0,-1289.0,8495.0,9590.0,-1095.0,6940.0,7978.0,-1038.0,5001.0,6138.0,-1137.0,28741.0,33300.0,-4559.0
20700,"East Stroudsburg, PA",2437.0,3086.0,-649.0,2377.0,3362.0,-985.0,2177.0,3485.0,-1308.0,1577.0,2707.0,-1130.0,8568.0,12640.0,-4072.0
38940,"Port St. Lucie, FL",682.0,1844.0,-1162.0,844.0,1772.0,-928.0,359.0,1406.0,-1047.0,180.0,1103.0,-923.0,2065.0,6125.0,-4060.0
45940,"Trenton, NJ",5697.0,6914.0,-1217.0,5640.0,6774.0,-1134.0,5313.0,6170.0,-857.0,3962.0,4805.0,-843.0,20612.0,24663.0,-4051.0
27260,"Jacksonville, FL",1037.0,1827.0,-790.0,934.0,2214.0,-1280.0,577.0,1813.0,-1236.0,388.0,1120.0,-732.0,2936.0,6974.0,-4038.0
19660,"Deltona-Daytona Beach-Ormond Beach, FL",865.0,1748.0,-883.0,843.0,2004.0,-1161.0,473.0,1410.0,-937.0,251.0,1015.0,-764.0,2432.0,6177.0,-3745.0
29820,"Las Vegas-Henderson-Paradise, NV",1412.0,2113.0,-701.0,1565.0,2213.0,-648.0,1048.0,2061.0,-1013.0,635.0,1758.0,-1123.0,4660.0,8145.0,-3485.0
42660,"Seattle-Tacoma-Bellevue, WA",1969.0,2565.0,-596.0,1880.0,3043.0,-1163.0,1603.0,2578.0,-975.0,1073.0,1791.0,-718.0,6525.0,9977.0,-3452.0
34940,"Naples-Immokalee-Marco Island, FL",925.0,1363.0,-438.0,576.0,1479.0,-903.0,202.0,1314.0,-1112.0,134.0,1120.0,-986.0,1837.0,5276.0,-3439.0
35300,"New Haven-Milford, CT",2874.0,3593.0,-719.0,2714.0,3503.0,-789.0,2265.0,3351.0,-1086.0,1878.0,2711.0,-833.0,9731.0,13158.0,-3427.0
37340,"Palm Bay-Melbourne-Titusville, FL",638.0,1238.0,-600.0,643.0,1394.0,-751.0,375.0,1580.0,-1205.0,297.0,1131.0,-834.0,1953.0,5343.0,-3390.0
41940,"San Jose-Sunnyvale-Santa Clara, CA",1274.0,2170.0,-896.0,1345.0,2254.0,-909.0,1097.0,2270.0,-1173.0,1189.0,1528.0,-339.0,4905.0,8222.0,-3317.0
41740,"San Diego-Carlsbad, CA",2317.0,2777.0,-460.0,2181.0,2896.0,-715.0,1913.0,2982.0,-1069.0,1496.0,2296.0,-800.0,7907.0,10951.0,-3044.0
29460,"Lakeland-Winter Haven, FL",897.0,1324.0,-427.0,636.0,1293.0,-657.0,265.0,1354.0,-1089.0,229.0,910.0,-681.0,2027.0,4881.0,-2854.0
47260,"Virginia Beach-Norfolk-Newport News, VA-NC",1426.0,2142.0,-716.0,1426.0,2247.0,-821.0,580.0,1532.0,-952.0,530.0,859.0,-329.0,3962.0,6780.0,-2818.0
19740,"Denver-Aurora-Lakewood, CO",779.0,1424.0,-645.0,767.0,1434.0,-667.0,462.0,1290.0,-828.0,328.0,950.0,-622.0,2336.0,5098.0,-2762.0
16980,"Chicago-Naperville-Elgin, IL-IN-WI",5567.0,6325.0,-758.0,5622.0,6278.0,-656.0,4403.0,5070.0,-667.0,3283.0,3761.0,-478.0,18875.0,21434.0,-2559.0
28740,"Kingston, NY",3129.0,3439.0,-310.0,2848.0,3401.0,-553.0,2568.0,3243.0,-675.0,1920.0,2658.0,-738.0,10465.0,12741.0,-2276.0
40060,"Richmond, VA",840.0,1560.0,-720.0,887.0,1628.0,-741.0,532.0,1110.0,-578.0,465.0,690.0,-225.0,2724.0,4988.0,-2264.0
16700,"Charleston-North Charleston, SC",404.0,1058.0,-654.0,372.0,1079.0,-707.0,189.0,815.0,-626.0,145.0,397.0,-252.0,1110.0,3349.0,-2239.0
39740,"Reading, PA",810.0,1359.0,-549.0,763.0,1370.0,-607.0,561.0,966.0,-405.0,398.0,811.0,-413.0,2532.0,4506.0,-1974.0
20500,"Durham-Chapel Hill, NC",658.0,1232.0,-574.0,590.0,1060.0,-470.0,348.0,700.0,-352.0,341.0,639.0,-298.0,1937.0,3631.0,-1694.0
41540,"Salisbury, MD-DE",131.0,605.0,-474.0,51.0,663.0,-612.0,0.0,468.0,-468.0,0.0,140.0,-140.0,182.0,1876.0,-1694.0
25540,"Hartford-West Hartford-East Hartford, CT",2330.0,2696.0,-366.0,2231.0,2720.0,-489.0,1860.0,2290.0,-430.0,1319.0,1656.0,-337.0,7740.0,9362.0,-1622.0
39300,"Providence-Warwick, RI-MA",1758.0,2091.0,-333.0,1519.0,2115.0,-596.0,1144.0,1477.0,-333.0,792.0,1123.0,-331.0,5213.0,6806.0,-1593.0
24660,"Greensboro-High Point, NC",426.0,904.0,-478.0,393.0,964.0,-571.0,353.0,614.0,-261.0,163.0,441.0,-278.0,1335.0,2923.0,-1588.0
36100,"Ocala, FL",388.0,785.0,-397.0,318.0,787.0,-469.0,174.0,487.0,-313.0,0.0,377.0,-377.0,880.0,2436.0,-1556.0
29540,"Lancaster, PA",513.0,948.0,-435.0,432.0,873.0,-441.0,185.0,612.0,-427.0,187.0,351.0,-164.0,1317.0,2784.0,-1467.0
38900,"Portland-Vancouver-Hillsboro, OR-WA",658.0,810.0,-152.0,523.0,1043.0,-520.0,350.0,750.0,-400.0,272.0,541.0,-269.0,1803.0,3144.0,-1341.0
41700,"San Antonio-New Braunfels, TX",543.0,911.0,-368.0,622.0,989.0,-367.0,326.0,749.0,-423.0,222.0,400.0,-178.0,1713.0,3049.0,-1336.0
24860,"Greenville-Anderson-Mauldin, SC",269.0,491.0,-222.0,91.0,638.0,-547.0,37.0,471.0,-434.0,53.0,163.0,-110.0,450.0,1763.0,-1313.0
18140,"Columbus, OH",1034.0,1299.0,-265.0,1035.0,1440.0,-405.0,843.0,1085.0,-242.0,577.0,969.0,-392.0,3489.0,4793.0,-1304.0
15380,"Buffalo-Cheektowaga-Niagara Falls, NY",1177.0,1527.0,-350.0,1210.0,1562.0,-352.0,1000.0,1277.0,-277.0,723.0,1047.0,-324.0,4110.0,5413.0,-1303.0
34980,"Nashville-Davidson--Murfreesboro--Franklin, TN",409.0,726.0,-317.0,612.0,841.0,-229.0,246.0,581.0,-335.0,216.0,631.0,-415.0,1483.0,2779.0,-1296.0
22180,"Fayetteville, NC",407.0,814.0,-407.0,446.0,868.0,-422.0,255.0,555.0,-300.0,232.0,336.0,-104.0,1340.0,2573.0,-1233.0
19820,"Detroit-Warren-Dearborn, MI",1469.0,2157.0,-688.0,1536.0,1692.0,-156.0,778.0,1028.0,-250.0,717.0,853.0,-136.0,4500.0,5730.0,-1230.0
45540,"The Villages, FL",31.0,385.0,-354.0,34.0,481.0,-447.0,0.0,239.0,-239.0,0.0,154.0,-154.0,65.0,1259.0,-1194.0
25940,"Hilton Head Island-Bluffton-Beaufort, SC",117.0,474.0,-357.0,130.0,593.0,-463.0,73.0,313.0,-240.0,26.0,153.0,-127.0,346.0,1533.0,-1187.0
26460,"Hudson, NY",466.0,912.0,-446.0,441.0,726.0,-285.0,500.0,664.0,-164.0,280.0,540.0,-260.0,1687.0,2842.0,-1155.0
42680,"Sebastian-Vero Beach, FL",124.0,380.0,-256.0,128.0,520.0,-392.0,45.0,304.0,-259.0,30.0,212.0,-182.0,327.0,1416.0,-1089.0
49340,"Worcester, MA-CT",730.0,1033.0,-303.0,748.0,1104.0,-356.0,527.0,641.0,-114.0,378.0,675.0,-297.0,2383.0,3453.0,-1070.0
13780,"Binghamton, NY",497.0,623.0,-126.0,504.0,843.0,-339.0,364.0,766.0,-402.0,323.0,459.0,-136.0,1688.0,2691.0,-1003.0
25420,"Harrisburg-Carlisle, PA",488.0,728.0,-240.0,420.0,685.0,-265.0,199.0,443.0,-244.0,107.0,322.0,-215.0,1214.0,2178.0,-964.0
20100,"Dover, DE",172.0,434.0,-262.0,135.0,557.0,-422.0,40.0,128.0,-88.0,33.0,220.0,-187.0,380.0,1339.0,-959.0
49620,"York-Hanover, PA",220.0,591.0,-371.0,172.0,503.0,-331.0,108.0,251.0,-143.0,34.0,135.0,-101.0,534.0,1480.0,-946.0
39460,"Punta Gorda, FL",112.0,417.0,-305.0,111.0,455.0,-344.0,0.0,164.0,-164.0,0.0,115.0,-115.0,223.0,1151.0,-928.0
48900,"Wilmington, NC",85.0,382.0,-297.0,160.0,512.0,-352.0,66.0,250.0,-184.0,0.0,86.0,-86.0,311.0,1230.0,-919.0
45860,"Torrington, CT",412.0,624.0,-212.0,422.0,714.0,-292.0,297.0,592.0,-295.0,312.0,424.0,-112.0,1443.0,2354.0,-911.0
44140,"Springfield, MA",709.0,950.0,-241.0,488.0,783.0,-295.0,380.0,574.0,-194.0,277.0,403.0,-126.0,1854.0,2710.0,-856.0
26900,"Indianapolis-Carmel-Anderson, IN",296.0,748.0,-452.0,477.0,634.0,-157.0,184.0,249.0,-65.0,116.0,274.0,-158.0,1073.0,1905.0,-832.0
38300,"Pittsburgh, PA",1153.0,1401.0,-248.0,1212.0,1531.0,-319.0,984.0,1189.0,-205.0,722.0,772.0,-50.0,4071.0,4893.0,-822.0
14500,"Boulder, CO",182.0,383.0,-201.0,202.0,405.0,-203.0,111.0,357.0,-246.0,80.0,245.0,-165.0,575.0,1390.0,-815.0
35380,"New Orleans-Metairie, LA",415.0,599.0,-184.0,441.0,636.0,-195.0,262.0,518.0,-256.0,206.0,367.0,-161.0,1324.0,2120.0,-796.0
17460,"Cleveland-Elyria, OH",859.0,1092.0,-233.0,834.0,1003.0,-169.0,434.0,667.0,-233.0,385.0,522.0,-137.0,2512.0,3284.0,-772.0
38860,"Portland-South Portland, ME",186.0,472.0,-286.0,299.0,430.0,-131.0,155.0,335.0,-180.0,112.0,265.0,-153.0,752.0,1502.0,-750.0
46520,"Urban Honolulu, HI",691.0,807.0,-116.0,672.0,836.0,-164.0,362.0,722.0,-360.0,346.0,438.0,-92.0,2071.0,2803.0,-732.0
28660,"Killeen-Temple, TX",224.0,340.0,-116.0,208.0,437.0,-229.0,42.0,214.0,-172.0,0.0,169.0,-169.0,474.0,1160.0,-686.0
17820,"Colorado Springs, CO",181.0,425.0,-244.0,279.0,408.0,-129.0,116.0,252.0,-136.0,67.0,227.0,-160.0,643.0,1312.0,-669.0
40380,"Rochester, NY",1240.0,1292.0,-52.0,1018.0,1478.0,-460.0,885.0,923.0,-38.0,571.0,688.0,-117.0,3714.0,4381.0,-667.0
12700,"Barnstable Town, MA",222.0,418.0,-196.0,213.0,519.0,-306.0,179.0,256.0,-77.0,147.0,215.0,-68.0,761.0,1408.0,-647.0
46540,"Utica-Rome, NY",211.0,375.0,-164.0,238.0,411.0,-173.0,149.0,288.0,-139.0,114.0,276.0,-162.0,712.0,1350.0,-638.0
31700,"Manchester-Nashua, NH",230.0,518.0,-288.0,313.0,540.0,-227.0,190.0,240.0,-50.0,166.0,197.0,-31.0,899.0,1495.0,-596.0
46060,"Tucson, AZ",290.0,526.0,-236.0,287.0,464.0,-177.0,177.0,279.0,-102.0,78.0,147.0,-69.0,832.0,1416.0,-584.0
40140,"Riverside-San Bernardino-Ontario, CA",830.0,977.0,-147.0,837.0,1140.0,-303.0,447.0,541.0,-94.0,344.0,361.0,-17.0,2458.0,3019.0,-561.0
49180,"Winston-Salem, NC",138.0,391.0,-253.0,193.0,365.0,-172.0,95.0,165.0,-70.0,84.0,130.0,-46.0,510.0,1051.0,-541.0
30140,"Lebanon, PA",86.0,236.0,-150.0,60.0,237.0,-177.0,0.0,115.0,-115.0,0.0,55.0,-55.0,146.0,643.0,-497.0
17900,"Columbia, SC",350.0,515.0,-165.0,300.0,587.0,-287.0,141.0,130.0,11.0,82.0,113.0,-31.0,873.0,1345.0,-472.0
38340,"Pittsfield, MA",115.0,272.0,-157.0,121.0,279.0,-158.0,98.0,194.0,-96.0,59.0,82.0,-23.0,393.0,827.0,-434.0
42340,"Savannah, GA",212.0,367.0,-155.0,276.0,370.0,-94.0,80.0,169.0,-89.0,43.0,127.0,-84.0,611.0,1033.0,-422.0
28140,"Kansas City, MO-KS",313.0,492.0,-179.0,327.0,538.0,-211.0,188.0,229.0,-41.0,131.0,112.0,19.0,959.0,1371.0,-412.0
40900,"Sacramento--Roseville--Arden-Arcade, CA",287.0,315.0,-28.0,292.0,500.0,-208.0,187.0,290.0,-103.0,173.0,163.0,10.0,939.0,1268.0,-329.0
45060,"Syracuse, NY",963.0,917.0,46.0,889.0,983.0,-94.0,611.0,812.0,-201.0,514.0,590.0,-76.0,2977.0,3302.0,-325.0
11700,"Asheville, NC",44.0,137.0,-93.0,66.0,203.0,-137.0,50.0,94.0,-44.0,32.0,64.0,-32.0,192.0,498.0,-306.0
21340,"El Paso, TX",206.0,318.0,-112.0,245.0,265.0,-20.0,84.0,208.0,-124.0,58.0,98.0,-40.0,593.0,889.0,-296.0
37100,"Oxnard-Thousand Oaks-Ventura, CA",169.0,252.0,-83.0,243.0,360.0,-117.0,106.0,191.0,-85.0,100.0,93.0,7.0,618.0,896.0,-278.0
23420,"Fresno, CA",37.0,208.0,-171.0,70.0,106.0,-36.0,0.0,43.0,-43.0,28.0,51.0,-23.0,135.0,408.0,-273.0
17980,"Columbus, GA-AL",97.0,107.0,-10.0,85.0,263.0,-178.0,0.0,52.0,-52.0,0.0,26.0,-26.0,182.0,448.0,-266.0
36140,"Ocean City, NJ",233.0,409.0,-176.0,228.0,301.0,-73.0,52.0,80.0,-28.0,56.0,32.0,24.0,569.0,822.0,-253.0
24020,"Glens Falls, NY",70.0,178.0,-108.0,64.0,198.0,-134.0,0.0,0.0,0.0,0.0,0.0,0.0,134.0,376.0,-242.0
17300,"Clarksville, TN-KY",47.0,181.0,-134.0,140.0,179.0,-39.0,0.0,49.0,-49.0,0.0,0.0,0.0,187.0,409.0,-222.0
36580,"Oneonta, NY",137.0,230.0,-93.0,134.0,181.0,-47.0,0.0,40.0,-40.0,0.0,41.0,-41.0,271.0,492.0,-221.0
26140,"Homosassa Springs, FL",28.0,142.0,-114.0,89.0,87.0,2.0,0.0,53.0,-53.0,0.0,39.0,-39.0,117.0,321.0,-204.0
24780,"Greenville, NC",27.0,136.0,-109.0,45.0,127.0,-82.0,0.0,0.0,0.0,0.0,0.0,0.0,72.0,263.0,-191.0
48060,"Watertown-Fort Drum, NY",240.0,290.0,-50.0,214.0,266.0,-52.0,0.0,90.0,-90.0,51.0,47.0,4.0,505.0,693.0,-188.0
33460,"Minneapolis-St. Paul-Bloomington, MN-WI",1047.0,1112.0,-65.0,1012.0,997.0,15.0,708.0,802.0,-94.0,492.0,522.0,-30.0,3259.0,3433.0,-174.0
36420,"Oklahoma City, OK",129.0,249.0,-120.0,145.0,121.0,24.0,58.0,130.0,-72.0,36.0,42.0,-6.0,368.0,542.0,-174.0
17140,"Cincinnati, OH-KY-IN",518.0,509.0,9.0,531.0,607.0,-76.0,243.0,360.0,-117.0,171.0,157.0,14.0,1463.0,1633.0,-170.0
47220,"Vineland-Bridgeton, NJ",237.0,323.0,-86.0,141.0,219.0,-78.0,35.0,40.0,-5.0,0.0,0.0,0.0,413.0,582.0,-169.0
36700,"Orangeburg, SC",25.0,83.0,-58.0,0.0,71.0,-71.0,0.0,0.0,0.0,0.0,32.0,-32.0,25.0,186.0,-161.0
42220,"Santa Rosa, CA",45.0,109.0,-64.0,64.0,108.0,-44.0,44.0,90.0,-46.0,29.0,34.0,-5.0,182.0,341.0,-159.0
24340,"Grand Rapids-Wyoming, MI",88.0,177.0,-89.0,64.0,158.0,-94.0,86.0,87.0,-1.0,30.0,0.0,30.0,268.0,422.0,-154.0
31140,"Louisville/Jefferson County, KY-IN",212.0,221.0,-9.0,226.0,264.0,-38.0,105.0,148.0,-43.0,69.0,130.0,-61.0,612.0,763.0,-151.0
15540,"Burlington-South Burlington, VT",190.0,231.0,-41.0,192.0,261.0,-69.0,89.0,132.0,-43.0,72.0,69.0,3.0,543.0,693.0,-150.0
42200,"Santa Maria-Santa Barbara, CA",112.0,148.0,-36.0,105.0,132.0,-27.0,51.0,97.0,-46.0,70.0,105.0,-35.0,338.0,482.0,-144.0
49660,"Youngstown-Warren-Boardman, OH-PA",16.0,87.0,-71.0,14.0,86.0,-72.0,0.0,0.0,0.0,0.0,0.0,0.0,30.0,173.0,-143.0
28580,"Key West, FL",54.0,117.0,-63.0,96.0,81.0,15.0,0.0,0.0,0.0,0.0,87.0,-87.0,150.0,285.0,-135.0
41620,"Salt Lake City, UT",413.0,467.0,-54.0,345.0,472.0,-127.0,235.0,209.0,26.0,134.0,110.0,24.0,1127.0,1258.0,-131.0
39060,"Pottsville, PA",16.0,107.0,-91.0,20.0,58.0,-38.0,0.0,0.0,0.0,0.0,0.0,0.0,36.0,165.0,-129.0
41180,"St. Louis, MO-IL",534.0,512.0,22.0,471.0,634.0,-163.0,265.0,311.0,-46.0,224.0,166.0,58.0,1494.0,1623.0,-129.0
33340,"Milwaukee-Waukesha-West Allis, WI",346.0,361.0,-15.0,307.0,410.0,-103.0,212.0,177.0,35.0,90.0,129.0,-39.0,955.0,1077.0,-122.0
25980,"Hinesville, GA",0.0,81.0,-81.0,48.0,89.0,-41.0,0.0,0.0,0.0,0.0,0.0,0.0,48.0,170.0,-122.0
27340,"Jacksonville, NC",521.0,472.0,49.0,468.0,456.0,12.0,198.0,199.0,-1.0,74.0,256.0,-182.0,1261.0,1383.0,-122.0
39140,"Prescott, AZ",0.0,75.0,-75.0,0.0,39.0,-39.0,0.0,0.0,0.0,0.0,0.0,0.0,0.0,114.0,-114.0
12260,"Augusta-Richmond County, GA-SC",81.0,144.0,-63.0,86.0,132.0,-46.0,0.0,0.0,0.0,0.0,0.0,0.0,167.0,276.0,-109.0
29180,"Lafayette, LA",18.0,42.0,-24.0,19.0,37.0,-18.0,0.0,29.0,-29.0,0.0,37.0,-37.0,37.0,145.0,-108.0
36540,"Omaha-Council Bluffs, NE-IA",96.0,151.0,-55.0,105.0,134.0,-29.0,32.0,73.0,-41.0,56.0,38.0,18.0,289.0,396.0,-107.0
43900,"Spartanburg, SC",33.0,0.0,33.0,24.0,162.0,-138.0,0.0,0.0,0.0,0.0,0.0,0.0,57.0,162.0,-105.0
14010,"Bloomington, IL",17.0,57.0,-40.0,0.0,117.0,-117.0,53.0,0.0,53.0,0.0,0.0,0.0,70.0,174.0,-104.0
22500,"Florence, SC",25.0,60.0,-35.0,20.0,87.0,-67.0,0.0,0.0,0.0,0.0,0.0,0.0,45.0,147.0,-102.0
23860,"Georgetown, SC",0.0,44.0,-44.0,0.0,52.0,-52.0,0.0,0.0,0.0,0.0,0.0,0.0,0.0,96.0,-96.0
21300,"Elmira, NY",24.0,52.0,-28.0,15.0,80.0,-65.0,0.0,0.0,0.0,0.0,0.0,0.0,39.0,132.0,-93.0
37860,"Pensacola-Ferry Pass-Brent, FL",30.0,66.0,-36.0,49.0,103.0,-54.0,0.0,0.0,0.0,0.0,0.0,0.0,79.0,169.0,-90.0
32820,"Memphis, TN-MS-AR",312.0,396.0,-84.0,379.0,423.0,-44.0,164.0,177.0,-13.0,130.0,75.0,55.0,985.0,1071.0,-86.0
42100,"Santa Cruz-Watsonville, CA",44.0,53.0,-9.0,57.0,60.0,-3.0,25.0,69.0,-44.0,0.0,30.0,-30.0,126.0,212.0,-86.0
35980,"Norwich-New London, CT",633.0,654.0,-21.0,633.0,564.0,69.0,431.0,470.0,-39.0,319.0,412.0,-93.0,2016.0,2100.0,-84.0
42140,"Santa Fe, NM",65.0,75.0,-10.0,66.0,81.0,-15.0,26.0,70.0,-44.0,23.0,36.0,-13.0,180.0,262.0,-82.0
13820,"Birmingham-Hoover, AL",181.0,195.0,-14.0,169.0,203.0,-34.0,85.0,117.0,-32.0,42.0,39.0,3.0,477.0,554.0,-77.0
22220,"Fayetteville-Springdale-Rogers, AR-MO",45.0,154.0,-109.0,75.0,38.0,37.0,0.0,0.0,0.0,0.0,0.0,0.0,120.0,192.0,-72.0
40420,"Rockford, IL",0.0,0.0,0.0,0.0,69.0,-69.0,0.0,0.0,0.0,0.0,0.0,0.0,0.0,69.0,-69.0
37120,"Ozark, AL",0.0,0.0,0.0,0.0,35.0,-35.0,0.0,32.0,-32.0,0.0,0.0,0.0,0.0,67.0,-67.0
18880,"Crestview-Fort Walton Beach-Destin, FL",47.0,74.0,-27.0,25.0,62.0,-37.0,0.0,0.0,0.0,0.0,0.0,0.0,72.0,136.0,-64.0
20380,"Dunn, NC",0.0,29.0,-29.0,0.0,31.0,-31.0,0.0,0.0,0.0,0.0,0.0,0.0,0.0,60.0,-60.0
31180,"Lubbock, TX",11.0,46.0,-35.0,0.0,25.0,-25.0,0.0,0.0,0.0,0.0,0.0,0.0,11.0,71.0,-60.0
15500,"Burlington, NC",0.0,0.0,0.0,0.0,58.0,-58.0,0.0,0.0,0.0,0.0,0.0,0.0,0.0,58.0,-58.0
13140,"Beaumont-Port Arthur, TX",13.0,42.0,-29.0,0.0,29.0,-29.0,0.0,0.0,0.0,0.0,0.0,0.0,13.0,71.0,-58.0
35100,"New Bern, NC",37.0,76.0,-39.0,68.0,86.0,-18.0,0.0,0.0,0.0,0.0,0.0,0.0,105.0,162.0,-57.0
38240,"Pinehurst-Southern Pines, NC",0.0,21.0,-21.0,0.0,36.0,-36.0,0.0,0.0,0.0,0.0,0.0,0.0,0.0,57.0,-57.0
44920,"Summit Park, UT",0.0,22.0,-22.0,0.0,34.0,-34.0,0.0,0.0,0.0,0.0,0.0,0.0,0.0,56.0,-56.0
32580,"McAllen-Edinburg-Mission, TX",50.0,94.0,-44.0,34.0,44.0,-10.0,0.0,0.0,0.0,0.0,0.0,0.0,84.0,138.0,-54.0
48980,"Wilson, NC",0.0,25.0,-25.0,0.0,27.0,-27.0,0.0,0.0,0.0,0.0,0.0,0.0,0.0,52.0,-52.0
24100,"Gloversville, NY",0.0,19.0,-19.0,0.0,31.0,-31.0,0.0,0.0,0.0,0.0,0.0,0.0,0.0,50.0,-50.0
24140,"Goldsboro, NC",0.0,17.0,-17.0,0.0,32.0,-32.0,0.0,0.0,0.0,0.0,0.0,0.0,0.0,49.0,-49.0
11220,"Amsterdam, NY",27.0,46.0,-19.0,0.0,30.0,-30.0,0.0,0.0,0.0,0.0,0.0,0.0,27.0,76.0,-49.0
41500,"Salinas, CA",41.0,48.0,-7.0,41.0,72.0,-31.0,0.0,30.0,-30.0,21.0,0.0,21.0,103.0,150.0,-47.0
30020,"Lawton, OK",0.0,19.0,-19.0,0.0,28.0,-28.0,0.0,0.0,0.0,0.0,0.0,0.0,0.0,47.0,-47.0
23580,"Gainesville, GA",0.0,24.0,-24.0,0.0,23.0,-23.0,0.0,0.0,0.0,0.0,0.0,0.0,0.0,47.0,-47.0
39660,"Rapid City, SD",0.0,45.0,-45.0,0.0,0.0,0.0,0.0,0.0,0.0,0.0,0.0,0.0,0.0,45.0,-45.0
21460,"Enterprise, AL",0.0,15.0,-15.0,0.0,28.0,-28.0,0.0,0.0,0.0,0.0,0.0,0.0,0.0,43.0,-43.0
21500,"Erie, PA",33.0,76.0,-43.0,20.0,53.0,-33.0,34.0,0.0,34.0,0.0,0.0,0.0,87.0,129.0,-42.0
22780,"Fort Leonard Wood, MO",0.0,25.0,-25.0,0.0,17.0,-17.0,0.0,0.0,0.0,0.0,0.0,0.0,0.0,42.0,-42.0
12540,"Bakersfield, CA",41.0,37.0,4.0,32.0,77.0,-45.0,0.0,0.0,0.0,0.0,0.0,0.0,73.0,114.0,-41.0
40340,"Rochester, MN",0.0,56.0,-56.0,67.0,50.0,17.0,0.0,0.0,0.0,0.0,0.0,0.0,67.0,106.0,-39.0
46140,"Tulsa, OK",83.0,75.0,8.0,68.0,109.0,-41.0,35.0,30.0,5.0,31.0,40.0,-9.0,217.0,254.0,-37.0
13540,"Bennington, VT",17.0,22.0,-5.0,23.0,53.0,-30.0,0.0,0.0,0.0,0.0,0.0,0.0,40.0,75.0,-35.0
25180,"Hagerstown-Martinsburg, MD-WV",50.0,21.0,29.0,0.0,64.0,-64.0,0.0,0.0,0.0,0.0,0.0,0.0,50.0,85.0,-35.0
37460,"Panama City, FL",21.0,39.0,-18.0,18.0,35.0,-17.0,0.0,0.0,0.0,0.0,0.0,0.0,39.0,74.0,-35.0
13380,"Bellingham, WA",0.0,12.0,-12.0,0.0,23.0,-23.0,0.0,0.0,0.0,0.0,0.0,0.0,0.0,35.0,-35.0
22420,"Flint, MI",0.0,0.0,0.0,15.0,50.0,-35.0,0.0,0.0,0.0,0.0,0.0,0.0,15.0,50.0,-35.0
32780,"Medford, OR",0.0,0.0,0.0,0.0,35.0,-35.0,0.0,0.0,0.0,0.0,0.0,0.0,0.0,35.0,-35.0
26980,"Iowa City, IA",36.0,77.0,-41.0,82.0,101.0,-19.0,26.0,0.0,26.0,0.0,0.0,0.0,144.0,178.0,-34.0
16860,"Chattanooga, TN-GA",59.0,44.0,15.0,46.0,89.0,-43.0,0.0,0.0,0.0,0.0,0.0,0.0,105.0,133.0,-28.0
19780,"Des Moines-West Des Moines, IA",70.0,73.0,-3.0,41.0,66.0,-25.0,0.0,0.0,0.0,0.0,0.0,0.0,111.0,139.0,-28.0
34900,"Napa, CA",22.0,29.0,-7.0,26.0,47.0,-21.0,0.0,0.0,0.0,0.0,0.0,0.0,48.0,76.0,-28.0
14540,"Bowling Green, KY",0.0,0.0,0.0,0.0,28.0,-28.0,0.0,0.0,0.0,0.0,0.0,0.0,0.0,28.0,-28.0
27980,"Kahului-Wailuku-Lahaina, HI",15.0,14.0,1.0,20.0,48.0,-28.0,0.0,0.0,0.0,0.0,0.0,0.0,35.0,62.0,-27.0
47580,"Warner Robins, GA",0.0,0.0,0.0,0.0,25.0,-25.0,0.0,0.0,0.0,0.0,0.0,0.0,0.0,25.0,-25.0
33860,"Montgomery, AL",44.0,44.0,0.0,21.0,45.0,-24.0,0.0,0.0,0.0,0.0,0.0,0.0,65.0,89.0,-24.0
23060,"Fort Wayne, IN",35.0,0.0,35.0,0.0,59.0,-59.0,0.0,0.0,0.0,0.0,0.0,0.0,35.0,59.0,-24.0
23900,"Gettysburg, PA",0.0,24.0,-24.0,0.0,0.0,0.0,0.0,0.0,0.0,0.0,0.0,0.0,0.0,24.0,-24.0
19380,"Dayton, OH",98.0,78.0,20.0,59.0,103.0,-44.0,0.0,0.0,0.0,0.0,0.0,0.0,157.0,181.0,-24.0
38460,"Plattsburgh, NY",49.0,26.0,23.0,0.0,46.0,-46.0,0.0,0.0,0.0,0.0,0.0,0.0,49.0,72.0,-23.0
46700,"Vallejo-Fairfield, CA",20.0,48.0,-28.0,69.0,64.0,5.0,0.0,0.0,0.0,0.0,0.0,0.0,89.0,112.0,-23.0
13500,"Bennettsville, SC",0.0,23.0,-23.0,0.0,0.0,0.0,0.0,0.0,0.0,0.0,0.0,0.0,0.0,23.0,-23.0
44940,"Sumter, SC",17.0,19.0,-2.0,22.0,43.0,-21.0,0.0,0.0,0.0,0.0,0.0,0.0,39.0,62.0,-23.0
44700,"Stockton-Lodi, CA",28.0,19.0,9.0,24.0,56.0,-32.0,0.0,0.0,0.0,0.0,0.0,0.0,52.0,75.0,-23.0
19340,"Davenport-Moline-Rock Island, IA-IL",0.0,22.0,-22.0,0.0,0.0,0.0,0.0,0.0,0.0,0.0,0.0,0.0,0.0,22.0,-22.0
48700,"Williamsport, PA",51.0,24.0,27.0,0.0,49.0,-49.0,0.0,0.0,0.0,0.0,0.0,0.0,51.0,73.0,-22.0
33660,"Mobile, AL",38.0,44.0,-6.0,61.0,75.0,-14.0,0.0,0.0,0.0,0.0,0.0,0.0,99.0,119.0,-20.0
40220,"Roanoke, VA",0.0,20.0,-20.0,0.0,0.0,0.0,0.0,0.0,0.0,0.0,0.0,0.0,0.0,20.0,-20.0
15260,"Brunswick, GA",0.0,19.0,-19.0,0.0,0.0,0.0,0.0,0.0,0.0,0.0,0.0,0.0,0.0,19.0,-19.0
22860,"Fort Polk South, LA",0.0,0.0,0.0,0.0,19.0,-19.0,0.0,0.0,0.0,0.0,0.0,0.0,0.0,19.0,-19.0
47240,"Vineyard Haven, MA",0.0,0.0,0.0,0.0,19.0,-19.0,0.0,0.0,0.0,0.0,0.0,0.0,0.0,19.0,-19.0
22020,"Fargo, ND-MN",0.0,19.0,-19.0,0.0,0.0,0.0,0.0,0.0,0.0,0.0,0.0,0.0,0.0,19.0,-19.0
25900,"Hilo, HI",17.0,23.0,-6.0,0.0,11.0,-11.0,0.0,0.0,0.0,0.0,0.0,0.0,17.0,34.0,-17.0
31740,"Manhattan, KS",0.0,0.0,0.0,0.0,17.0,-17.0,0.0,0.0,0.0,0.0,0.0,0.0,0.0,17.0,-17.0
21820,"Fairbanks, AK",20.0,18.0,2.0,0.0,18.0,-18.0,0.0,0.0,0.0,0.0,0.0,0.0,20.0,36.0,-16.0
47380,"Waco, TX",0.0,0.0,0.0,0.0,15.0,-15.0,0.0,0.0,0.0,0.0,0.0,0.0,0.0,15.0,-15.0
27460,"Jamestown-Dunkirk-Fredonia, NY",15.0,16.0,-1.0,0.0,13.0,-13.0,0.0,0.0,0.0,0.0,0.0,0.0,15.0,29.0,-14.0
16620,"Charleston, WV",14.0,0.0,14.0,22.0,49.0,-27.0,0.0,0.0,0.0,0.0,0.0,0.0,36.0,49.0,-13.0
42700,"Sebring, FL",15.0,27.0,-12.0,0.0,0.0,0.0,0.0,0.0,0.0,0.0,0.0,0.0,15.0,27.0,-12.0
29700,"Laredo, TX",0.0,0.0,0.0,0.0,12.0,-12.0,0.0,0.0,0.0,0.0,0.0,0.0,0.0,12.0,-12.0
37900,"Peoria, IL",0.0,0.0,0.0,0.0,12.0,-12.0,0.0,0.0,0.0,0.0,0.0,0.0,0.0,12.0,-12.0
40860,"Rutland, VT",0.0,11.0,-11.0,0.0,0.0,0.0,0.0,0.0,0.0,0.0,0.0,0.0,0.0,11.0,-11.0
27920,"Junction City, KS",0.0,27.0,-27.0,17.0,0.0,17.0,0.0,0.0,0.0,0.0,0.0,0.0,17.0,27.0,-10.0
26580,"Huntington-Ashland, WV-KY-OH",0.0,0.0,0.0,0.0,10.0,-10.0,0.0,0.0,0.0,0.0,0.0,0.0,0.0,10.0,-10.0
18580,"Corpus Christi, TX",13.0,11.0,2.0,0.0,12.0,-12.0,0.0,0.0,0.0,0.0,0.0,0.0,13.0,23.0,-10.0
11260,"Anchorage, AK",147.0,136.0,11.0,103.0,87.0,16.0,0.0,35.0,-35.0,0.0,0.0,0.0,250.0,258.0,-8.0
18500,"Corning, NY",13.0,19.0,-6.0,0.0,0.0,0.0,0.0,0.0,0.0,0.0,0.0,0.0,13.0,19.0,-6.0
12740,"Barre, VT",16.0,36.0,-20.0,31.0,16.0,15.0,0.0,0.0,0.0,0.0,0.0,0.0,47.0,52.0,-5.0
28940,"Knoxville, TN",72.0,76.0,-4.0,89.0,156.0,-67.0,67.0,0.0,67.0,0.0,0.0,0.0,228.0,232.0,-4.0
39900,"Reno, NV",65.0,83.0,-18.0,87.0,39.0,48.0,0.0,34.0,-34.0,0.0,0.0,0.0,152.0,156.0,-4.0
24060,"Glenwood Springs, CO",21.0,21.0,0.0,16.0,19.0,-3.0,0.0,0.0,0.0,0.0,0.0,0.0,37.0,40.0,-3.0
33700,"Modesto, CA",13.0,20.0,-7.0,23.0,18.0,5.0,0.0,0.0,0.0,0.0,0.0,0.0,36.0,38.0,-2.0
36260,"Ogden-Clearfield, UT",0.0,0.0,0.0,27.0,26.0,1.0,0.0,0.0,0.0,0.0,0.0,0.0,27.0,26.0,1.0
18180,"Concord, NH",39.0,58.0,-19.0,66.0,45.0,21.0,0.0,0.0,0.0,0.0,0.0,0.0,105.0,103.0,2.0
45780,"Toledo, OH",65.0,62.0,3.0,42.0,70.0,-28.0,27.0,0.0,27.0,0.0,0.0,0.0,134.0,132.0,2.0
12180,"Auburn, NY",14.0,0.0,14.0,0.0,11.0,-11.0,0.0,0.0,0.0,0.0,0.0,0.0,14.0,11.0,3.0
12020,"Athens-Clarke County, GA",16.0,36.0,-20.0,56.0,33.0,23.0,0.0,0.0,0.0,0.0,0.0,0.0,72.0,69.0,3.0
14740,"Bremerton-Silverdale, WA",33.0,18.0,15.0,25.0,35.0,-10.0,0.0,0.0,0.0,0.0,0.0,0.0,58.0,53.0,5.0
20780,"Edwards, CO",31.0,20.0,11.0,10.0,15.0,-5.0,0.0,0.0,0.0,0.0,0.0,0.0,41.0,35.0,6.0
21660,"Eugene, OR",43.0,38.0,5.0,42.0,61.0,-19.0,0.0,0.0,0.0,22.0,0.0,22.0,107.0,99.0,8.0
28300,"Keene, NH",15.0,18.0,-3.0,12.0,0.0,12.0,0.0,0.0,0.0,0.0,0.0,0.0,27.0,18.0,9.0
30620,"Lima, OH",10.0,0.0,10.0,0.0,0.0,0.0,0.0,0.0,0.0,0.0,0.0,0.0,10.0,0.0,10.0
43780,"South Bend-Mishawaka, IN-MI",35.0,28.0,7.0,23.0,19.0,4.0,0.0,0.0,0.0,0.0,0.0,0.0,58.0,47.0,11.0
12620,"Bangor, ME",0.0,15.0,-15.0,26.0,0.0,26.0,0.0,0.0,0.0,0.0,0.0,0.0,26.0,15.0,11.0
31420,"Macon-Bibb County, GA",25.0,16.0,9.0,21.0,18.0,3.0,0.0,0.0,0.0,0.0,0.0,0.0,46.0,34.0,12.0
30700,"Lincoln, NE",23.0,0.0,23.0,29.0,39.0,-10.0,0.0,0.0,0.0,0.0,0.0,0.0,52.0,39.0,13.0
24260,"Grand Island, NE",0.0,0.0,0.0,13.0,0.0,13.0,0.0,0.0,0.0,0.0,0.0,0.0,13.0,0.0,13.0
26620,"Huntsville, AL",44.0,43.0,1.0,63.0,51.0,12.0,0.0,0.0,0.0,0.0,0.0,0.0,107.0,94.0,13.0
11900,"Athens, OH",0.0,0.0,0.0,13.0,0.0,13.0,0.0,0.0,0.0,0.0,0.0,0.0,13.0,0.0,13.0
34060,"Morgantown, WV",0.0,0.0,0.0,13.0,0.0,13.0,0.0,0.0,0.0,0.0,0.0,0.0,13.0,0.0,13.0
14260,"Boise City, ID",19.0,40.0,-21.0,51.0,17.0,34.0,0.0,0.0,0.0,0.0,0.0,0.0,70.0,57.0,13.0
47300,"Visalia-Porterville, CA",14.0,0.0,14.0,0.0,0.0,0.0,0.0,0.0,0.0,0.0,0.0,0.0,14.0,0.0,14.0
33540,"Missoula, MT",0.0,0.0,0.0,15.0,0.0,15.0,0.0,0.0,0.0,0.0,0.0,0.0,15.0,0.0,15.0
16940,"Cheyenne, WY",0.0,0.0,0.0,15.0,0.0,15.0,0.0,0.0,0.0,0.0,0.0,0.0,15.0,0.0,15.0
41100,"St. George, UT",0.0,0.0,0.0,17.0,0.0,17.0,0.0,0.0,0.0,0.0,0.0,0.0,17.0,0.0,17.0
42020,"San Luis Obispo-Paso Robles-Arroyo Grande, CA",39.0,36.0,3.0,27.0,13.0,14.0,0.0,0.0,0.0,0.0,0.0,0.0,66.0,49.0,17.0
31340,"Lynchburg, VA",0.0,0.0,0.0,18.0,0.0,18.0,0.0,0.0,0.0,0.0,0.0,0.0,18.0,0.0,18.0
36500,"Olympia-Tumwater, WA",37.0,34.0,3.0,15.0,0.0,15.0,0.0,0.0,0.0,0.0,0.0,0.0,52.0,34.0,18.0
30860,"Logan, UT-ID",18.0,0.0,18.0,0.0,0.0,0.0,0.0,0.0,0.0,0.0,0.0,0.0,18.0,0.0,18.0
12220,"Auburn-Opelika, AL",18.0,0.0,18.0,0.0,0.0,0.0,0.0,0.0,0.0,0.0,0.0,0.0,18.0,0.0,18.0
12300,"Augusta-Waterville, ME",20.0,0.0,20.0,0.0,0.0,0.0,0.0,0.0,0.0,0.0,0.0,0.0,20.0,0.0,20.0
14580,"Bozeman, MT",16.0,0.0,16.0,18.0,13.0,5.0,0.0,0.0,0.0,0.0,0.0,0.0,34.0,13.0,21.0
24640,"Greenfield Town, MA",53.0,35.0,18.0,28.0,24.0,4.0,0.0,0.0,0.0,0.0,0.0,0.0,81.0,59.0,22.0
28020,"Kalamazoo-Portage, MI",23.0,0.0,23.0,14.0,15.0,-1.0,0.0,0.0,0.0,0.0,0.0,0.0,37.0,15.0,22.0
17780,"College Station-Bryan, TX",20.0,16.0,4.0,19.0,0.0,19.0,0.0,0.0,0.0,0.0,0.0,0.0,39.0,16.0,23.0
22660,"Fort Collins, CO",42.0,36.0,6.0,47.0,29.0,18.0,0.0,0.0,0.0,0.0,0.0,0.0,89.0,65.0,24.0
10500,"Albany, GA",24.0,0.0,24.0,0.0,0.0,0.0,0.0,0.0,0.0,0.0,0.0,0.0,24.0,0.0,24.0
44060,"Spokane-Spokane Valley, WA",10.0,12.0,-2.0,29.0,0.0,29.0,0.0,0.0,0.0,0.0,0.0,0.0,39.0,12.0,27.0
30460,"Lexington-Fayette, KY",67.0,81.0,-14.0,110.0,123.0,-13.0,58.0,31.0,27.0,28.0,0.0,28.0,263.0,235.0,28.0
46220,"Tuscaloosa, AL",16.0,0.0,16.0,12.0,0.0,12.0,0.0,0.0,0.0,0.0,0.0,0.0,28.0,0.0,28.0
27140,"Jackson, MS",14.0,0.0,14.0,44.0,29.0,15.0,0.0,0.0,0.0,0.0,0.0,0.0,58.0,29.0,29.0
29940,"Lawrence, KS",15.0,13.0,2.0,30.0,0.0,30.0,0.0,0.0,0.0,0.0,0.0,0.0,45.0,13.0,32.0
25060,"Gulfport-Biloxi-Pascagoula, MS",17.0,0.0,17.0,16.0,0.0,16.0,0.0,0.0,0.0,0.0,0.0,0.0,33.0,0.0,33.0
45700,"Tifton, GA",33.0,0.0,33.0,0.0,0.0,0.0,0.0,0.0,0.0,0.0,0.0,0.0,33.0,0.0,33.0
17860,"Columbia, MO",33.0,18.0,15.0,37.0,15.0,22.0,0.0,0.0,0.0,0.0,0.0,0.0,70.0,33.0,37.0
48620,"Wichita, KS",41.0,14.0,27.0,75.0,64.0,11.0,0.0,0.0,0.0,0.0,0.0,0.0,116.0,78.0,38.0
15940,"Canton-Massillon, OH",21.0,0.0,21.0,38.0,17.0,21.0,0.0,0.0,0.0,0.0,0.0,0.0,59.0,17.0,42.0
29620,"Lansing-East Lansing, MI",46.0,46.0,0.0,71.0,58.0,13.0,30.0,0.0,30.0,0.0,0.0,0.0,147.0,104.0,43.0
29200,"Lafayette-West Lafayette, IN",42.0,12.0,30.0,16.0,0.0,16.0,0.0,0.0,0.0,0.0,0.0,0.0,58.0,12.0,46.0
17200,"Claremont-Lebanon, NH-VT",117.0,98.0,19.0,125.0,161.0,-36.0,68.0,44.0,24.0,42.0,0.0,42.0,352.0,303.0,49.0
14020,"Bloomington, IN",50.0,65.0,-15.0,74.0,40.0,34.0,32.0,0.0,32.0,0.0,0.0,0.0,156.0,105.0,51.0
16820,"Charlottesville, VA",179.0,167.0,12.0,177.0,176.0,1.0,124.0,76.0,48.0,24.0,31.0,-7.0,504.0,450.0,54.0
10740,"Albuquerque, NM",149.0,132.0,17.0,104.0,157.0,-53.0,107.0,79.0,28.0,67.0,0.0,67.0,427.0,368.0,59.0
30780,"Little Rock-North Little Rock-Conway, AR",71.0,77.0,-6.0,80.0,46.0,34.0,32.0,0.0,32.0,0.0,0.0,0.0,183.0,123.0,60.0
12940,"Baton Rouge, LA",67.0,69.0,-2.0,69.0,93.0,-24.0,71.0,42.0,29.0,58.0,0.0,58.0,265.0,204.0,61.0
12100,"Atlantic City-Hammonton, NJ",1395.0,1555.0,-160.0,1337.0,1540.0,-203.0,1256.0,1032.0,224.0,920.0,718.0,202.0,4908.0,4845.0,63.0
16580,"Champaign-Urbana, IL",83.0,94.0,-11.0,47.0,28.0,19.0,76.0,0.0,76.0,0.0,0.0,0.0,206.0,122.0,84.0
23540,"Gainesville, FL",163.0,160.0,3.0,221.0,174.0,47.0,85.0,83.0,2.0,76.0,40.0,36.0,545.0,457.0,88.0
11460,"Ann Arbor, MI",383.0,316.0,67.0,331.0,369.0,-38.0,232.0,178.0,54.0,146.0,122.0,24.0,1092.0,985.0,107.0
10420,"Akron, OH",88.0,97.0,-9.0,134.0,106.0,28.0,60.0,36.0,24.0,67.0,0.0,67.0,349.0,239.0,110.0
31540,"Madison, WI",326.0,229.0,97.0,263.0,237.0,26.0,120.0,148.0,-28.0,105.0,71.0,34.0,814.0,685.0,129.0
44300,"State College, PA",139.0,61.0,78.0,101.0,50.0,51.0,29.0,0.0,29.0,23.0,23.0,0.0,292.0,134.0,158.0
39340,"Provo-Orem, UT",136.0,37.0,99.0,48.0,51.0,-3.0,53.0,53.0,0.0,63.0,0.0,63.0,300.0,141.0,159.0
45220,"Tallahassee, FL",176.0,181.0,-5.0,275.0,68.0,207.0,62.0,35.0,27.0,65.0,0.0,65.0,578.0,284.0,294.0
27060,"Ithaca, NY",420.0,317.0,103.0,396.0,331.0,65.0,293.0,222.0,71.0,218.0,159.0,59.0,1327.0,1029.0,298.0
